"","Player"
"1","Joe Smith"
"2","Antonio McDyess"
"3","Jerry Stackhouse"
"4","Rasheed Wallace"
"5","Kevin Garnett"
"6","Bryant Reeves"
"7","Damon Stoudamire"
"8","Shawn Respert"
"9","Kurt Thomas"
"10","Gary Trent"
"11","Cherokee Parks"
"12","Corliss Williamson"
"13","Eric Williams"
"14","Brent Barry"
"15","Alan Henderson"
"16","Bob Sura"
"17","Theo Ratliff"
"18","Jason Caffey"
"19","Michael Finley"
"20","George Zidek"
"21","Travis Best"
"22","Loren Meyer"
"23","David Vaughn"
"24","Mario Bennett"
"25","Greg Ostertag"
"26","Cory Alexander"
"27","Andrew DeClercq"
"28","Lawrence Moten"
"29","Donny Marshall"
"30","Eric Snow"
"31","Tyus Edney"
"32","Mark Davis"
"33","Fred Hoiberg"
"34","Chris Carr"
"35","Don Reid"
"36","Allen Iverson"
"37","Marcus Camby"
"38","Shareef Abdur-Rahim"
"39","Stephon Marbury"
"40","Ray Allen"
"41","Antoine Walker"
"42","Lorenzen Wright"
"43","Kerry Kittles"
"44","Samaki Walker"
"45","Erick Dampier"
"46","Todd Fuller"
"47","Vitaly Potapenko"
"48","Kobe Bryant"
"49","Peja Stojakovic"
"50","Steve Nash"
"51","Tony Delk"
"52","Jermaine O'Neal"
"53","John Wallace"
"54","Walter McCarty"
"55","Zydrunas Ilgauskas"
"56","Roy Rogers"
"57","Derek Fisher"
"58","Jerome Williams"
"59","Brian Evans"
"60","Travis Knight"
"61","Othella Harrington"
"62","Mark Hendrickson"
"63","Moochie Norris"
"64","Jeff McInnis"
"65","Randy Livingston"
"66","Ben Davis"
"67","Malik Rose"
"68","Jamie Feick"
"69","Amal McCaskill"
"70","Mark Pope"
"71","Shandon Anderson"
"72","Drew Barry"
"73","Tim Duncan"
"74","Keith Van Horn"
"75","Chauncey Billups"
"76","Antonio Daniels"
"77","Tony Battie"
"78","Ron Mercer"
"79","Tim Thomas"
"80","Adonal Foyle"
"81","Tracy McGrady"
"82","Danny Fortson"
"83","Tariq Abdul-Wahad"
"84","Austin Croshere"
"85","Derek Anderson"
"86","Maurice Taylor"
"87","Kelvin Cato"
"88","Brevin Knight"
"89","Johnny Taylor"
"90","Chris Anstey"
"91","Scot Pollard"
"92","Anthony Parker"
"93","Bobby Jackson"
"94","Rodrick Rhodes"
"95","John Thomas"
"96","Charles Smith"
"97","Jacque Vaughn"
"98","Marc Jackson"
"99","Anthony Johnson"
"100","Stephen Jackson"
"101","Cedric Henderson"
"102","Alvin Williams"
"103","Predrag Drobnjak"
"104","Chris Crawford"
"105","Mark Blount"
"106","Michael Olowokandi"
"107","Mike Bibby"
"108","Raef LaFrentz"
"109","Antawn Jamison"
"110","Vince Carter"
"111","Robert Traylor"
"112","Jason Williams"
"113","Larry Hughes"
"114","Dirk Nowitzki"
"115","Paul Pierce"
"116","Bonzi Wells"
"117","Michael Doleac"
"118","Keon Clark"
"119","Michael Dickerson"
"120","Matt Harpring"
"121","Bryce Drew"
"122","Rasho Nesterovic"
"123","Pat Garrity"
"124","Roshown McLeod"
"125","Ricky Davis"
"126","Brian Skinner"
"127","Tyronn Lue"
"128","Felipe Lopez"
"129","Al Harrington"
"130","Sam Jacobson"
"131","Vladimir Stepania"
"132","Corey Benjamin"
"133","Nazr Mohammed"
"134","Ansu Sesay"
"135","Ruben Patterson"
"136","Rashard Lewis"
"137","Jelani McCoy"
"138","Shammond Williams"
"139","Bruno Sundov"
"140","Jerome James"
"141","Rafer Alston"
"142","Cuttino Mobley"
"143","Jahidi White"
"144","Sean Marks"
"145","Derrick Dial"
"146","Greg Buckner"
"147","Tremaine Fowlkes"
"148","Ryan Bowen"
"149","Maceo Baston"
"150","Elton Brand"
"151","Steve Francis"
"152","Baron Davis"
"153","Lamar Odom"
"154","Jonathan Bender"
"155","Wally Szczerbiak"
"156","Richard Hamilton"
"157","Andre Miller"
"158","Shawn Marion"
"159","Jason Terry"
"160","Trajan Langdon"
"161","Corey Maggette"
"162","William Avery"
"163","Metta World Peace"
"164","Cal Bowdler"
"165","James Posey"
"166","Quincy Lewis"
"167","Dion Glover"
"168","Jeff Foster"
"169","Kenny Thomas"
"170","Devean George"
"171","Andrei Kirilenko"
"172","Tim James"
"173","Vonteego Cummings"
"174","Jumaine Jones"
"175","Scott Padgett"
"176","Michael Ruffin"
"177","Evan Eschmeyer"
"178","Calvin Booth"
"179","Wang Zhizhi"
"180","Obinna Ekezie"
"181","Laron Profit"
"182","Gordan Giricek"
"183","Francisco Elson"
"184","Lee Nailon"
"185","Todd MacCulloch"
"186","Rodney Buford"
"187","Manu Ginobili"
"188","Kenyon Martin"
"189","Stromile Swift"
"190","Darius Miles"
"191","Marcus Fizer"
"192","Mike Miller"
"193","DerMarr Johnson"
"194","Chris Mihm"
"195","Jamal Crawford"
"196","Joel Przybilla"
"197","Keyon Dooling"
"198","Jerome Moiso"
"199","Etan Thomas"
"200","Courtney Alexander"
"201","Mateen Cleaves"
"202","Jason Collier"
"203","Hedo Turkoglu"
"204","Desmond Mason"
"205","Quentin Richardson"
"206","Jamaal Magloire"
"207","Speedy Claxton"
"208","Morris Peterson"
"209","Donnell Harvey"
"210","DeShawn Stevenson"
"211","Dalibor Bagaric"
"212","Jake Tsakalidis"
"213","Mamadou N'Diaye"
"214","Primoz Brezec"
"215","Mark Madsen"
"216","Marko Jaric"
"217","Dan Langhi"
"218","A.J. Guyton"
"219","Jake Voskuhl"
"220","Eddie House"
"221","Eduardo Najera"
"222","Lavor Postell"
"223","Olumide Oyedeji"
"224","Michael Redd"
"225","Brian Cardinal"
"226","Jabari Smith"
"227","Jason Hart"
"228","Kaniel Dickens"
"229","Kwame Brown"
"230","Tyson Chandler"
"231","Pau Gasol"
"232","Eddy Curry"
"233","Jason Richardson"
"234","Shane Battier"
"235","Eddie Griffin"
"236","DeSagana Diop"
"237","Rodney White"
"238","Joe Johnson"
"239","Kedrick Brown"
"240","Vladimir Radmanovic"
"241","Richard Jefferson"
"242","Troy Murphy"
"243","Steven Hunter"
"244","Michael Bradley"
"245","Jason Collins"
"246","Zach Randolph"
"247","Brendan Haywood"
"248","Brandon Armstrong"
"249","Gerald Wallace"
"250","Samuel Dalembert"
"251","Jamaal Tinsley"
"252","Tony Parker"
"253","Trenton Hassell"
"254","Gilbert Arenas"
"255","Terence Morris"
"256","Brian Scalabrine"
"257","Jeff Trepagnier"
"258","Damone Brown"
"259","Mehmet Okur"
"260","Earl Watson"
"261","Jamison Brewer"
"262","Bobby Simmons"
"263","Loren Woods"
"264","Ruben Boumtje-Boumtje"
"265","Alton Ford"
"266","Jarron Collins"
"267","Yao Ming"
"268","Mike Dunleavy"
"269","Drew Gooden"
"270","Nikoloz Tskitishvili"
"271","Dajuan Wagner"
"272","Nene"
"273","Chris Wilcox"
"274","Amar'e Stoudemire"
"275","Caron Butler"
"276","Jared Jeffries"
"277","Melvin Ely"
"278","Marcus Haislip"
"279","Fred Jones"
"280","Bostjan Nachbar"
"281","Jiri Welsch"
"282","Juan Dixon"
"283","Ryan Humphrey"
"284","Kareem Rush"
"285","Qyntel Woods"
"286","Casey Jacobsen"
"287","Tayshaun Prince"
"288","Nenad Krstic"
"289","Frank Williams"
"290","John Salmons"
"291","Dan Dickau"
"292","Roger Mason"
"293","Dan Gadzuric"
"294","Carlos Boozer"
"295","Ronald Murray"
"296","Lonny Baxter"
"297","Matt Barnes"
"298","Jamal Sampson"
"299","Darius Songaila"
"300","Rasual Butler"
"301","Tamar Slay"
"302","Luis Scola"
"303","LeBron James"
"304","Darko Milicic"
"305","Carmelo Anthony"
"306","Chris Bosh"
"307","Dwyane Wade"
"308","Chris Kaman"
"309","Kirk Hinrich"
"310","T.J. Ford"
"311","Mike Sweetney"
"312","Jarvis Hayes"
"313","Mickael Pietrus"
"314","Nick Collison"
"315","Marcus Banks"
"316","Luke Ridnour"
"317","Reece Gaines"
"318","Zarko Cabarkapa"
"319","David West"
"320","Sasha Pavlovic"
"321","Dahntay Jones"
"322","Boris Diaw"
"323","Zoran Planinic"
"324","Travis Outlaw"
"325","Brian Cook"
"326","Carlos Delfino"
"327","Kendrick Perkins"
"328","Leandro Barbosa"
"329","Josh Howard"
"330","Maciej Lampe"
"331","Jason Kapono"
"332","Luke Walton"
"333","Steve Blake"
"334","Willie Green"
"335","Zaza Pachulia"
"336","Keith Bogans"
"337","Matt Bonner"
"338","Mo Williams"
"339","James Jones"
"340","Kyle Korver"
"341","Dwight Howard"
"342","Emeka Okafor"
"343","Ben Gordon"
"344","Shaun Livingston"
"345","Devin Harris"
"346","Josh Childress"
"347","Luol Deng"
"348","Rafael Araujo"
"349","Andre Iguodala"
"350","Luke Jackson"
"351","Andris Biedrins"
"352","Robert Swift"
"353","Sebastian Telfair"
"354","Kris Humphries"
"355","Al Jefferson"
"356","Kirk Snyder"
"357","Josh Smith"
"358","J.R. Smith"
"359","Dorell Wright"
"360","Jameer Nelson"
"361","Viktor Khryapa"
"362","Delonte West"
"363","Tony Allen"
"364","Kevin Martin"
"365","Sasha Vujacic"
"366","Beno Udrih"
"367","David Harrison"
"368","Anderson Varejao"
"369","Royal Ivey"
"370","Chris Duhon"
"371","Justin Reed"
"372","Trevor Ariza"
"373","Bernard Robinson"
"374","Pape Sow"
"375","Andrew Bogut"
"376","Marvin Williams"
"377","Deron Williams"
"378","Chris Paul"
"379","Raymond Felton"
"380","Martell Webster"
"381","Charlie Villanueva"
"382","Channing Frye"
"383","Ike Diogu"
"384","Andrew Bynum"
"385","Sean May"
"386","Rashad McCants"
"387","Antoine Wright"
"388","Joey Graham"
"389","Danny Granger"
"390","Gerald Green"
"391","Hakim Warrick"
"392","Nate Robinson"
"393","Jarrett Jack"
"394","Francisco Garcia"
"395","Luther Head"
"396","Johan Petro"
"397","Jason Maxiell"
"398","Linas Kleiza"
"399","Ian Mahinmi"
"400","David Lee"
"401","Salim Stoudamire"
"402","Brandon Bass"
"403","C.J. Miles"
"404","Ersan Ilyasova"
"405","Ronny Turiaf"
"406","Travis Diener"
"407","Von Wafer"
"408","Monta Ellis"
"409","Lou Williams"
"410","Mickael Gelabale"
"411","Andray Blatche"
"412","Ryan Gomes"
"413","Orien Greene"
"414","Amir Johnson"
"415","Marcin Gortat"
"416","Andrea Bargnani"
"417","LaMarcus Aldridge"
"418","Adam Morrison"
"419","Tyrus Thomas"
"420","Shelden Williams"
"421","Brandon Roy"
"422","Randy Foye"
"423","Rudy Gay"
"424","Patrick O'Bryant"
"425","Mouhamed Sene"
"426","JJ Redick"
"427","Hilton Armstrong"
"428","Thabo Sefolosha"
"429","Ronnie Brewer"
"430","Cedric Simmons"
"431","Rodney Carney"
"432","Shawne Williams"
"433","Oleksiy Pecherov"
"434","Quincy Douby"
"435","Renaldo Balkman"
"436","Rajon Rondo"
"437","Marcus Williams"
"438","Josh Boone"
"439","Kyle Lowry"
"440","Shannon Brown"
"441","Jordan Farmar"
"442","Sergio Rodriguez"
"443","Maurice Ager"
"444","Mardy Collins"
"445","Joel Freeland"
"446","James White"
"447","Steve Novak"
"448","Solomon Jones"
"449","Paul Davis"
"450","P.J. Tucker"
"451","Craig Smith"
"452","Daniel Gibson"
"453","Paul Millsap"
"454","Leon Powe"
"455","Ryan Hollins"
"456","Greg Oden"
"457","Kevin Durant"
"458","Al Horford"
"459","Mike Conley"
"460","Jeff Green"
"461","Yi Jianlian"
"462","Corey Brewer"
"463","Brandan Wright"
"464","Joakim Noah"
"465","Spencer Hawes"
"466","Acie Law"
"467","Thaddeus Young"
"468","Julian Wright"
"469","Al Thornton"
"470","Rodney Stuckey"
"471","Nick Young"
"472","Sean Williams"
"473","Marco Belinelli"
"474","Jason Smith"
"475","Daequan Cook"
"476","Jared Dudley"
"477","Wilson Chandler"
"478","Rudy Fernandez"
"479","Morris Almond"
"480","Aaron Brooks"
"481","Arron Afflalo"
"482","Tiago Splitter"
"483","Alando Tucker"
"484","Carl Landry"
"485","Glen Davis"
"486","Josh McRoberts"
"487","Kyrylo Fesenko"
"488","Dominic McGuire"
"489","Marc Gasol"
"490","Aaron Gray"
"491","Ramon Sessions"
"492","Derrick Rose"
"493","Michael Beasley"
"494","O.J. Mayo"
"495","Russell Westbrook"
"496","Kevin Love"
"497","Danilo Gallinari"
"498","Eric Gordon"
"499","D.J. Augustin"
"500","Brook Lopez"
"501","Jerryd Bayless"
"502","Jason Thompson"
"503","Brandon Rush"
"504","Anthony Randolph"
"505","Robin Lopez"
"506","Marreese Speights"
"507","Roy Hibbert"
"508","JaVale McGee"
"509","J.J. Hickson"
"510","Alexis Ajinca"
"511","Ryan Anderson"
"512","Courtney Lee"
"513","Kosta Koufos"
"514","Serge Ibaka"
"515","Nicolas Batum"
"516","George Hill"
"517","Darrell Arthur"
"518","Donte Greene"
"519","D.J. White"
"520","Nikola Pekovic"
"521","Joey Dorsey"
"522","Mario Chalmers"
"523","DeAndre Jordan"
"524","Omer Asik"
"525","Luc Mbah a Moute"
"526","Kyle Weaver"
"527","Sonny Weems"
"528","Chris Douglas-Roberts"
"529","Goran Dragic"
"530","Henry Walker"
"531","Darnell Jackson"
"532","Blake Griffin"
"533","Hasheem Thabeet"
"534","James Harden"
"535","Tyreke Evans"
"536","Ricky Rubio"
"537","Jonny Flynn"
"538","Stephen Curry"
"539","Jordan Hill"
"540","DeMar DeRozan"
"541","Brandon Jennings"
"542","Terrence Williams"
"543","Gerald Henderson"
"544","Tyler Hansbrough"
"545","Earl Clark"
"546","Austin Daye"
"547","James Johnson"
"548","Jrue Holiday"
"549","Ty Lawson"
"550","Jeff Teague"
"551","Eric Maynor"
"552","Darren Collison"
"553","Victor Claver"
"554","Omri Casspi"
"555","Byron Mullens"
"556","Rodrigue Beaubois"
"557","Taj Gibson"
"558","DeMarre Carroll"
"559","Wayne Ellington"
"560","Toney Douglas"
"561","Jeff Ayres"
"562","Dante Cunningham"
"563","DaJuan Summers"
"564","Sam Young"
"565","DeJuan Blair"
"566","Jon Brockman"
"567","Jonas Jerebko"
"568","Derrick Brown"
"569","Jodie Meeks"
"570","Patrick Beverley"
"571","Marcus Thornton"
"572","Chase Budinger"
"573","Danny Green"
"574","A.J. Price"
"575","Patty Mills"
"576","Lester Hudson"
"577","John Wall"
"578","Evan Turner"
"579","Derrick Favors"
"580","Wesley Johnson"
"581","DeMarcus Cousins"
"582","Ekpe Udoh"
"583","Greg Monroe"
"584","Al-Farouq Aminu"
"585","Gordon Hayward"
"586","Paul George"
"587","Cole Aldrich"
"588","Xavier Henry"
"589","Ed Davis"
"590","Patrick Patterson"
"591","Larry Sanders"
"592","Luke Babbitt"
"593","Kevin Seraphin"
"594","Eric Bledsoe"
"595","Avery Bradley"
"596","James Anderson"
"597","Elliot Williams"
"598","Trevor Booker"
"599","Damion James"
"600","Dominique Jones"
"601","Quincy Pondexter"
"602","Jordan Crawford"
"603","Greivis Vasquez"
"604","Daniel Orton"
"605","Lazar Hayward"
"606","Dexter Pittman"
"607","Hassan Whiteside"
"608","Nemanja Bjelica"
"609","Landry Fields"
"610","Lance Stephenson"
"611","Devin Ebanks"
"612","Jeremy Evans"
"613","Hamady N'Diaye"
"614","Kyrie Irving"
"615","Derrick Williams"
"616","Enes Freedom"
"617","Tristan Thompson"
"618","Jonas Valanciunas"
"619","Jan Vesely"
"620","Bismack Biyombo"
"621","Brandon Knight"
"622","Kemba Walker"
"623","Jimmer Fredette"
"624","Klay Thompson"
"625","Alec Burks"
"626","Markieff Morris"
"627","Marcus Morris"
"628","Kawhi Leonard"
"629","Nikola Vucevic"
"630","Iman Shumpert"
"631","Chris Singleton"
"632","Tobias Harris"
"633","Donatas Motiejunas"
"634","Kenneth Faried"
"635","Nikola Mirotic"
"636","Reggie Jackson"
"637","MarShon Brooks"
"638","Jordan Hamilton"
"639","Norris Cole"
"640","Cory Joseph"
"641","Jimmy Butler"
"642","Bojan Bogdanovic"
"643","Justin Harper"
"644","Kyle Singler"
"645","Shelvin Mack"
"646","Chandler Parsons"
"647","Jeremy Tyler"
"648","Jon Leuer"
"649","Darius Morris"
"650","Davis Bertans"
"651","Malcolm Lee"
"652","Josh Harrellson"
"653","Andrew Goudelock"
"654","Lavoy Allen"
"655","DeAndre Liggins"
"656","E'Twaun Moore"
"657","Isaiah Thomas"
"658","Anthony Davis"
"659","Michael Kidd-Gilchrist"
"660","Bradley Beal"
"661","Dion Waiters"
"662","Thomas Robinson"
"663","Damian Lillard"
"664","Harrison Barnes"
"665","Terrence Ross"
"666","Andre Drummond"
"667","Austin Rivers"
"668","Meyers Leonard"
"669","Jeremy Lamb"
"670","Kendall Marshall"
"671","John Henson"
"672","Maurice Harkless"
"673","Tyler Zeller"
"674","Terrence Jones"
"675","Andrew Nicholson"
"676","Evan Fournier"
"677","Jared Sullinger"
"678","John Jenkins"
"679","Jared Cunningham"
"680","Tony Wroten"
"681","Miles Plumlee"
"682","Perry Jones"
"683","Marquis Teague"
"684","Festus Ezeli"
"685","Jeff Taylor"
"686","Tomas Satoransky"
"687","Bernard James"
"688","Jae Crowder"
"689","Draymond Green"
"690","Orlando Johnson"
"691","Quincy Acy"
"692","Quincy Miller"
"693","Khris Middleton"
"694","Will Barton"
"695","Mike Scott"
"696","Justin Hamilton"
"697","Darius Miller"
"698","Kyle O'Quinn"
"699","Robert Sacre"
"700","Anthony Bennett"
"701","Victor Oladipo"
"702","Otto Porter Jr."
"703","Cody Zeller"
"704","Alex Len"
"705","Nerlens Noel"
"706","Ben McLemore"
"707","Kentavious Caldwell-Pope"
"708","Trey Burke"
"709","CJ McCollum"
"710","Michael Carter-Williams"
"711","Steven Adams"
"712","Kelly Olynyk"
"713","Shabazz Muhammad"
"714","Giannis Antetokounmpo"
"715","Lucas Nogueira"
"716","Dennis Schroder"
"717","Shane Larkin"
"718","Sergey Karasev"
"719","Tony Snell"
"720","Gorgui Dieng"
"721","Mason Plumlee"
"722","Solomon Hill"
"723","Tim Hardaway Jr."
"724","Reggie Bullock"
"725","Andre Roberson"
"726","Rudy Gobert"
"727","Archie Goodwin"
"728","Allen Crabbe"
"729","Alex Abrines"
"730","Isaiah Canaan"
"731","Ray McCallum"
"732","Nate Wolters"
"733","Jeff Withey"
"734","Mike Muscala"
"735","Raul Neto"
"736","Ryan Kelly"
"737","James Ennis III"
"738","Lorenzo Brown"
"739","Joffrey Lauvergne"
"740","Andrew Wiggins"
"741","Jabari Parker"
"742","Joel Embiid"
"743","Aaron Gordon"
"744","Dante Exum"
"745","Marcus Smart"
"746","Julius Randle"
"747","Nik Stauskas"
"748","Noah Vonleh"
"749","Elfrid Payton"
"750","Doug McDermott"
"751","Dario Saric"
"752","Zach LaVine"
"753","T.J. Warren"
"754","Adreian Payne"
"755","Jusuf Nurkic"
"756","James Young"
"757","Tyler Ennis"
"758","Gary Harris"
"759","Bruno Caboclo"
"760","Rodney Hood"
"761","Shabazz Napier"
"762","Clint Capela"
"763","Bogdan Bogdanovic"
"764","C.J. Wilcox"
"765","Josh Huestis"
"766","Kyle Anderson"
"767","K.J. McDaniels"
"768","Joe Harris"
"769","Jarnell Stokes"
"770","Johnny O'Bryant"
"771","Spencer Dinwiddie"
"772","Jerami Grant"
"773","Glenn Robinson III"
"774","Nikola Jokic"
"775","Markel Brown"
"776","Dwight Powell"
"777","Jordan Clarkson"
"778","Thanasis Antetokounmpo"
"779","Jordan McRae"
"780","Karl-Anthony Towns"
"781","D'Angelo Russell"
"782","Jahlil Okafor"
"783","Kristaps Porzingis"
"784","Mario Hezonja"
"785","Willie Cauley-Stein"
"786","Emmanuel Mudiay"
"787","Stanley Johnson"
"788","Frank Kaminsky"
"789","Justise Winslow"
"790","Myles Turner"
"791","Trey Lyles"
"792","Devin Booker"
"793","Cameron Payne"
"794","Kelly Oubre Jr."
"795","Terry Rozier"
"796","Rashad Vaughn"
"797","Sam Dekker"
"798","Jerian Grant"
"799","Delon Wright"
"800","Justin Anderson"
"801","Bobby Portis"
"802","Rondae Hollis-Jefferson"
"803","Tyus Jones"
"804","Jarell Martin"
"805","Larry Nance Jr."
"806","R.J. Hunter"
"807","Chris McCullough"
"808","Kevon Looney"
"809","Cedi Osman"
"810","Montrezl Harrell"
"811","Jordan Mickey"
"812","Anthony Brown"
"813","Willy Hernangomez"
"814","Richaun Holmes"
"815","Darrun Hilliard"
"816","Josh Richardson"
"817","Pat Connaughton"
"818","Joe Young"
"819","Andrew Harrison"
"820","Norman Powell"
